id,source,language,original_label,text
1,fake-real-arabic-news,ar,fake,أعلنت البرتغال رسمي  ا عن وفاة طفل يبلغ 14 عاما  متأثرا  بفايروس كورونا  رغم أنه رياضي  ولم يكن لديه أي ة مشاكل صحية
2,fake-real-arabic-news,ar,fake,اوباما الذى راعى الارهاب كاسلافه ممن سبقوه  يضحك مع بلادن الذى صنعه الامريكان وال سى اى ايه وقتلوه لانتهاء مهمته غدر
3,fake-real-arabic-news,ar,fake,لماذا عرج بالنبى من  القدس وليس من  مكة   ولماذا يصعد المكوك الفضائى  الروسى من  كازاخستان وليس من  روسيا رغم التكلفة العالية جدا ماديا   أكد الدكتور علي منصور كيالي الباحث و الفيزيائي السوري أن  أبواب_السماء ذات حراسة مشددة لا يستطيع مردة الجن و الشياطين المرور من خلالها   بينما يستطيع رواد الفضاء الولوج من خلالها تسهيلا  من  الحق  سبحانه لعـال ـم الأنس حتى يريهم آياته العظيمة في الآفاق كما أشارت إلى ذلك الآية الكريمة  و أوضح أن السماء ليس فضاء مفتوحا    كما يعتقد البعض و إنما فيها   أبواب   لا يمكن العـروج إلا  من خـلالها
4,fake-real-arabic-news,ar,fake,السيسي يعرض على البنك الدولي سداد الديون بضعة ملاين من المواطنين الزائدين عن الحاجة عرض الرئيس المصري عبد الفتاح السيسي على مجلس إدارة مجموعة البنك الد  ولي سداد كافة الديون المتراكمة على مصر منذ سنين طويلة مقابل بضعة ملاين من المواطنين المصرين الزائدين عن حاجته وتشير مصادر مقر  بة من عبد الفتاح إلى أن  ه فك ر بأكثر من حل  مبتكر قبل لجوئه إلى بيع المواطنين  فقطع المواد عن الأسواق ثم رفع أسعارها وباع الج زر وزاد الضرائب لدرجة تأثيرها على مستوى معيشة المسؤولين  كما عرض نفسه لبيع ولكن أحدا  لم يشتره وبعد تفكير عميق اكتشف أن   الوسيلة الأمثل لتخلص من الديون إلى الأبد تكمن في نور عينيه  فهم ثروة مصر الحقيقي  ة  ولديه الكثير منهم  فلا يخشى خطر انقراضهم في المدى المنظور  من جهته  أك  د عبد أنه لم يكن ليبيع مواطنيه لولا الظروف الصعبة التي تعيشها أم   الدنيا  إذ لا زلنا بحاجتهم لعمل كحراس وخدم وسائقين ومزارعين وعم ال في منشآت الجيش  فضلا  عن دورهم الهام في الأجهزة الأمني ة والمخابرات والنخاسة  إلا أن   إلحاح موظفي البنك الدولي بالس  داد أجبرنا على استخدام الأيدي العاملة كعملة بدلا  من الأوراق النقدية إلى أن تفرج الأزمة  كما عرض عبد على البنك الدولي عد ة ط رق  لاستفادة من المواطنين  يمكن الاحتفاط بهم كرهائن ريثما نتمك ن من سداد الديون  إن شاء اله  أو تصديرهم حول العالم وتشغيلهم كعبيد  وافدين  أو حتى فرطهم وبيع كلاويهم وقرنياتهم وعظامهم وأوردتهم وشراينهم وقلوبهم ونخاعاتهم وأمعائهم الغليظة والدقيقة كقطع غيار وهي أمور لا تعارض مع حقوق الإنسان المصري لأنا هيأناه لتقب ل مثل هذه الأشياء  وأضاف  نحن سعداء بتقديم عروض  منافسة لأحبائنا في البنك الدولي  مثل مقايضة كل مئة دولار بخمسة أو ستة مواطنين مع ح زمة من الم عارضين  والمثلين مجانا    تحملنا كاف ة مصاريف الشحن إن قبلوا أخذ س كان م حافظة كاملة  أما عرض الإخوان المسلمين  فيشمل دفع مبالغ مالي ة لبنك مقابل تخليصنا منهم   يبقى العرض ساريا  حتى وفاة الم عارضين أو إعدامهم
5,fake-real-arabic-news,ar,fake,الحكومة تمو ل أبحاثا  لمكافحة علاج الألزهايمر لتساعد المواطنين على نسيان همومهم سامر عسفيكة   مراسل كشف مصدر  رسمي   رفيع  مجازا  وثخين  على أرض الواقع عن خطة حكومي  ة لتمويل أبحاث طبية تهدف إلى مكافحة علاج مرض الألزهايمر  سعيا  منها لم ساعدة أكبر قدر من المواطنين على نسيان همومهم واقعهم بواسطة هذا المرض الحميد وقال المصدر إن   نسيان المواطنين حق هم في امتلاك حد   أدنى من العيش الكريم سيمنح الحكومة فرصة خفض الإنفاق الحكومي على الخدمات العام ة والبنى التحتي ة المتردية  وتركيز الإنفاق الحكومي على ملف ات أكثر أهمية  مثل أعضاء الحكومة المبج لين وأك د المصدر أن   وقف علاج المرض سيدعم قدرة المواطنين على عدم تذكر حقوقهم وظروفهم المعيشية البائسة  والتي تدفعهم عادة لقيام بتصرفات طائشة كالمظاهرات والاحتجاجات لمطالبة بها  وهو ما سيزيل عن ا عبء قمعهم والتنكيل بهم لمساعدتهم على النسيان  وعن الجوانب المدم رة التي قد تعود من تفشي الألزهايمر  يوضح المصدر  من المكن أن ينسى المواطنون اسم القائد المفد ى  لا سمح اله  أو إنجازاته و مآثره  وهو أثر جانبي بسيط لا يقارن بالفوائد المتحقة  ومن السهل علاجه بث خطابات القائد على التلفاز ورفع صوره في كل مكان وعقد جلسات توعوية لتذكير به
6,fake-real-arabic-news,ar,fake,الولايات المتحدة تقصف الجيش السوري لاختبار مدى التزامهم بالهدنة شن  الأمريكان والتحالف الدولي هجوما  على مواقع خاضعة لسيطرة النظام السوري  لقياس مدى التزامهم بالهدنة وقدرتهم على الصبر وضبط النفس وكانت الولايات المتحدة وروسيا قد خاضتا  منذ بداية الثورة السورية  معارك دبلوماسية شرسة وعنيفة  إلى أن توص لتا أخيرا  إلى هدنة مؤق تة لنصف ساعة  قابلة لتمديد إلى حين الاتفاق على الجهة الأجدر بالدعم والجهة التي تستحق الموت ويقول الناطق الرسمي باسم الخارجية الأمريكية إن  هذا الهجوم لا يعدو عن كونه نيرانا  صديقة  فنحن بحاجة لشركاء سلام حقيقين  ومن شأن هذه الضربات كشف معدن شركائنا ومدى تمس كهم بمساعينا السلمي ة  لم نقتل سوى ستين جنديا  وذلك شيء طبيعي في حالة الحرب  فالسلام  كما نعرف  ليس بالمج ان  وأضاف  نحن نساعد الإرهابين على التمد والانتشار في كل مكان  لنتمك ن من ضربهم لاحقا  دون أن يعيقنا الجيش والمعارضة والمدنيون  فكونا نواجه صعوبات في تميز الجماعات  غير الإرهابية  عن  الجماعات الإرهابية   لأن أفضل طريقة لإنهاء الحرب هي القضاء عليهم جميعا   وعندما ينتهي كل شيء  سنبني الحدائق والمدارس ورياض الأطفال لتبدأ الحياة من جديد  من جانبه  أك د الناطق باسم الرئاسة السورية أن هم ملتزمون بالهدنة وقف إطلاق النار  إل ا أنهم لن يحتفظوا بحق الرد لحفاظ على الهدنة  وسيعطونه لروس هذه المر ة ليتمك نوا من القيام بما يلزم في حلب وغيرها من مواقع المعارضة
7,fake-real-arabic-news,ar,fake,عاجل من القناة الصينية الاولى دخول 20 مليون صيني في الدين الاسلامي بعد أن ثبت أن وباء كورونا لا يصيب المسلمين
8,fake-real-arabic-news,ar,fake,والد  يلعن شرفي إن كنت أعلم من أين تعل م ابني القو اد كلماته البذيئة نفى الأب  سميح الدعبر  لمدير المدرسة التي يزورها ابنه  رزين الدعبر  أي علم  له بمصدر الكلمات البذيئة التي ينطق بها ابنه القواد  مؤك د ا أن ه عمل جاهدا  على تربيته على الأخلاق الحميدة  بل أنه كان يفضح عرضه شخصيا  حين يسمعه يتفو ه بكلمات نابية ويقول الأب  لا أعلم من ابن القحبة المخصي قليل الشرف الذي شو ه أخلاق ابني وعل مه تلك الكلمات النابية  واله لو عرفته سأتعرص له في الشارع أمام الجميع  وأسمعه كلاما  يليق بأمه العاهرة التي فشلت في تربيته  ويعتقد سميح أن مسؤولية الخل قد تعود على زوجته  كان عليها أن تراقب ابنها الخنزير خلال غيابي عن المنزل  فلا تدعه يخرج مع أولاد الوسخة من أبناء جيرانه عديمي الأخلاق مثلها  لكنها مشغولة بمشاركة جاراتها المومسات حفلات النميمة  ولا تعبأ بتربية ابنها وكأنه ابن زنا أنجبته سفاحا  من مارسة الرذيلة مع بائع الغاز  ويضيف  نبهتها ألف مرة على المسؤولية الملقاة على عاتقها  وأنها كالمدرسة تعد شعبا  طيب الأعراق  أما إن تصرفت كالقحبة وتخلت عن مسؤولياتها  فإنها ستعد جيلا  من القوادين الذين سيخزونا أمام الناس  عموما   لن أترك تلك العاهرة تفسد الولد بأخلاقها المنحط ة  وسأتولى مسؤولية تربيته بنفسي  وسأضربه بالحذاء على قفاه إن لم يصبح ذلك الكلب ابن الكلبة مهذ با    من جانبه  نفى الولد ما أشيع عن فساد أخلاقه  كل ما قيل لأبي هو محض افتراء  وأتحدى أيا  من الديوثين أن يثبت العكس  خصوصا  مدير المدرسة الذي يكرهني لما فعلته مع ابنته عندما واعدتها خلف سور مدرستها أخلاقي رفيعة كأخلاق أبي  ولعنة اله على جد تي إن كنت أكذب
9,fake-real-arabic-news,ar,fake,شبيح يناشد النظام استعمال الكلور في الغوطة الشرقي ة لتنظيفها وجعلها ناصعة البياض ناشد الشبيح رفيق المفتولي قوات نظامه بإضافة كميات من غاز الكلور أثناء إجراء عمليات تطهير الغوطة الشرقي ة من الإرهابين  لضمان تنظيفها بشكل  جي د وإزالة الشوائب عنها وجعلها ناصعة البياض وقال رفيق إن  تلك المنطقة تعد  من أكثر بؤر الصراع التي استعصت على الزوال  رغم أن القائد جر ب عليها جميع الأساليب التقليدي ة  مثل رش ها بالقذائف والصواريخ وغمرها بالبراميل المتفج رة والمدفعي ة ودعكها بالغارات الجوي ة والقنابل العنقودي ة مرات  عديدة  إلا أنها بقيت ملوثة بالمسل حين وأعوانهم المدنين  الأمر الذي أحرجنا أمام العالم وأظهر رئيسنا وكأنه م قص ر  بالاهتمام بنظافة المناطق الم تاخمة لعاصمته  وأبدى رفيق ثقته بأن استخدام الكلور سي حق ق النتائج التي يتمناها رب  الأسرة السوري ة  سيادة الرئيس بشار الأسد  فقد أثبت الكلور نجاعته ليس فقط في غسيل الملابس والأثواب  بل وفي حسم العديد من الحروب والمعارك كالحرب العالمي ة الأولى والحرب العراقي ة الإيراني ة وفي قصف بلدة حلبجة  رغم اتساع ب قع الصراع في تلك الأماكن  كما أك د رفيق أن لكلور فوائد لا تواجد بالأسلحة التقليدي ة  فهو رخيص وسهل الاستعمال ومتوف ر بسهولة ولا يتأث ر بقرارات حظر الأسلحة وعلى عكس الأسلحة التقليدي ة التي ت دم ر ك ل شيء في طريقها  ي حافظ على سلامة الأبنية والبنية التحتي ة من شوارع وجسور وأنفاق لي عاد استخدامها م جد دا  وهي نظيفة وجميلة وخالية من البشر الذين كانوا يلوثونها
10,fake-real-arabic-news,ar,fake,مقال في الصحافة الفرنسية   لا خوف على المنقبات لأن هن الأقل ع رضة لفيروس كورونا   حيث أنهن  لا يتبادلن الق بل للتحية أو يصافحون بالأيدي أو الأحضان ويلبسون القفازات   وفوق ذلك كل جسدهن مستور و نظيفة بالوضوء المستمر   وهي النصائح التي أطلقتها المتخصصون لتفادي العدوى  الحمد لله على نعمة الاسلام
11,fake-real-arabic-news,ar,fake,أهالي قرية  البلينا  في سوهاج يلقون ميكروباصا  مدني  ا في النهر  كان ينقل عددا  من عناصر الشرطة المصرية إلى محافظة الأقصر
12,fake-real-arabic-news,ar,fake,فريق من علماء الفضاء السعودين ي نزلون أول مركبة فضائية على كوكب الأرض قام فريق من علماء الفضاء السعودين صباح اليوم  بإنزال أول مركبة فضائية على أحد كواكب المجموعة الشمسية  والمعروف بكوكب  الأرض  وز و دت المركبة بأربع عجلات مستديرة الشكل  تمك نها من السير على أرض الكوكب  إضافة  إلى ألواح عازلة من مادة الزجاج  تمك ن الرك اب من رؤية ما حولهم دون الحاجة لمغادرتها ويبعد الكوكب نحو ألف سنة ضوئية عن مركز مجرة درب التبانة  ويمتاز بتسارع جاذبية مقداره   متر في الثانية  وبتوف ره على طبق الكبس ة وكمي ات من النفط ويرى مراقبون  أن هذا الإنجاز ما كان ليرى النور لولا مشيئة العلماء الأمريكان  الذين قاموا بتزويد الفريق بسيارة هامر لإنزالها على شوارع وصحاري الكوكب لكن الشيخ العر يفي   أحد العلماء الشيوخ المسؤولين عن هذه الرحلة  أك د بالمقابل أنه وعلى الرغم من أن مشيئة العلماء الأمريكان كانت ضرورية لتحصيل المركبة   إل ا أن مشيئة اله هي التي فرضت أن تكون مشيئة العلماء الأمريكان كذلك  وبالتالي ما زلنا رابحين في معركتنا مع الكفر والكف ار  وتمك ن العلماء الشيوخ السعوديون في فترة زمنية قياسية ب عيد الإنزال  من تحديد اتجاه القبلة على الكوكب  عن طريق استخدام البوصلة  وباتوا الآن قادرين على توفير مجموعة واسعة من التعليمات والفتاوى  التي تعلق بالجنس والطعام والشراب وأصول التيم م على الكوكب في حين ما زال الغرب عالقا  بقضايا الانحلال الأسري وتفك المجتمع  ومحاولاته العبثية لمعرفة أصل الكون والوجود ويأتي هذا الإنجاز  بعد أيام قليلة من قيام الفريق الأوروبي بالهبوط بنجاح على متن المذنب  الذي لا يبعد سوى بضعة مليارات الكيلومترات عن الأرض  الأمر الذي أك د العريفي على هامشي ته وما زال الغرب يحاول الحاق بالإنجازات السعودية المتابعة  كالس ماح لمرأة بقيادة المركبات على كوكب الأرض  والقدرة على استخراج وبيع النفط الخام  باستخدام الماكينات الأمريكية والعم ال الوافدين كأسلوب حياة     الشيخ العال م العريفي  أحد أهم شيوخ القرن الواحد والعشرين  يمتاز بلحية جذ ابة  مك نته من ركوب موجة الشهرة بعد حصوله على لقب ملك جمال الشيوخ ويشتهر العريفي بنشاطه على مواقع التواصل الإجتماعي  ومواقفه الحاسمة والقاطعة تجاه الغرب الكافر والشيعة والمسيحين والملحدين والمرأة وغير المسلمين  من سكان غرب آسيا ومجمل أفريقيا
13,fake-real-arabic-news,ar,fake,هل تعلم ان العقرب هو حيوان لا يلد ولا يبيض  فكيف يتكاثر هذا الحيوان    تذهب انثى العقرب في مكانآ ما وحدها  ثم يحدث انفجار لظهرها   ويخرج الصغار من الظهر  تموت الام ويأكلون الصغار الام بعد موتها   هل تعلم ان العقرب إذا حاتطه النار يلدغ نفسه حتي الموت فقط قل  سبحان الله
14,fake-real-arabic-news,ar,fake,هل تجوز الصلاة بعد شرب البيبسي     لا تستغرب السؤال اقرأ  ستقام عليكم الحجة إذا لم توضحوا ذلك للمسلمين  لن أشرب بيبسي بعد اليوم    حسبنا الله و نعم الوكيل أحذروا يا مسلمين أرجوكم أنشروا لأن الموضوع خطير جدا هل تجوز الصلاة بعد شرب البيبسي     هل نجح الأمريكيون بالفعل في أن يضحكوا على ٢ مليار مسلم وعربي   وجعلوهم يشربوا طوال السنين مشروباتهم الغازية المصنعة من أمعاء الخنزير    سؤال يطرح نفسه بقوة و يحتاج الى إجابة      حيث أن مجمع البحوث الإسلامية أرسل عينات من المياة الغازية   البيبسي كوكاكولا   لتحليل مادة البيبسين الأساسيه في تركيبها لمعرفة تركيب تلك المياة الغازية   المرة الأولى التي أثير فيها الموضوع كان في الخمسينات حين تبنى الفتوى حزب مصر    احمد حسين  التي صرح بها حول تحريم البيبسي والكوكاكولا   لاحتوائها على مادة البيبسين التي تستخرج من أمعاء الخنزير وأدى ذلك الى كساد اقتصادي هائل للشركة المنتجه وفرعها في مصر بعد إحجام الشعب عن الشراء   ويقول د  الشكعة أنه بغض  النظر عن المطالبة بالمقاطعة للمنتجات الأمريكية والصهيونية فإن الوقت قد حان لتحليل البيبسي في معامل خاصة ومتعددة مع ضمان سرية أسمائها حتى لا تتدخل يد الرشاوي والتسهيلات للعب بنتائج التحليل      وذكر د  الشكعة أنه عاش في امريكا 6 سنوات عرف خلالها   أن مادة البيبسين تستخرج من أمعاء الخنزير   لتساعد من يشربون المشروب على الهضم     أكثر من ٢مليار مسلم يتناولون الخنزير وقد تكون أنت واحد منهم   إن تحريم الإسلام لتناول لحم وشحم الخنزير يعد إعجازا علميا سابقا لعصره     فناهيك عن أن هذا الحيوان الخسيس يأكل النجاسات      وأنه أكثر الحيوانات دياثة حيث يرى أنثاه تنكح أمامه ولا يتحرك ولا يغار     فأمعائه النجسة موادا تعمل على انتشار سرطان القولون والمستقيم والبروستاتا والرحم والمرارة والثدي والبنكرياس       وما خفي كان أعظم     إلى أي مدى تعد مواد البيبسي العالية التركيز     ضارة      حيث تم رسم علامة المواد الحارقة على البرميل         وحسبنا الله ونعم الوكيل
15,fake-real-arabic-news,ar,fake,رئيس نصف السودان يزور شقيقه رئيس ثلاثة أخماس سوريا وصل رئيس جمهوري  ة نصف السودان الم شير ع مر البشير إلى مطار دمشق في زيارة  رسمي  ة  التقى خلالها أخاه وشقيقه وحبيبه الدكتور الفريق أو  ل ركن الأمين العام لحزب البعث الرفيق الطليعي البطل بش  ار حافظ الأسد أبو حافظ رئيس ثلاثة أخماس سوريا ولقي الرئيس السوداني استقبالا  حافلا  من نظيره السوري  إذ إن  ها المر  ة الأولى التي يستقبل فيها الأخير زعيما  منذ اندلاع الأزمة  عدا بوتين  حتى وإن كان ي سيطر على نصف بلد فحسب  إل  ا أنه يأمل أن تشك  ل تلك الزيارة بداية لعودة سوريا إلى الساحة الدولي  ة  واستقبالها قادة آخرين  كرئيس إحدى حكومات ليبيا أو الرئيس اليمني أو الصومالي  وهكذا إلى أن يبادر لزيارته زعماء وازنون على غرار رئيس طاجيكستان واستعرض الرئيسان الإنجازات التي حقها البلدان خلال الفترة الماضية  حيث حرص البشير على تهنئة بش  ار بالخ مس الجديد الذي استعاده جيشه وحلفاؤه خلال السنة الأخيرة  م تمني ا  أن يراه المر  ة المقبلة وقد سيطر على أربعة أخماس سوريا  وأن يم د   اله بع مره ليرى ما لا يقل عن من الأراضي السوري  ة وقد أصبحت تحت يد سيادته فيما أشاد الرئيس بش  ار بحنكة وحكمة الرئيس البشير وعدم خسارته أي أجزاء جديدة منذ انفصال جنوب السودان المحل السياسي نامق طناطيني أشار إلى ع مق العلاقات التاريخي  ة بين البشير وبش  ار  وهي م ستمر  ة منذ أن كانت سوريا والسودان بلدين موح  دين لم ت قضم منهما قطعة واحدة  ولم تنقطع رغم الحروب الأهلي  ة والتشظ  ي  وبإذن اله  سيستمر الرجلان سمنا  على عسل حتى لو تقل  صت سيادتهما إلى ما دون الع شر  بل حتى لو لم يبق  تحت س لطتهما سوى الطريق الواصل بين المطار وقصريهما الرئاسين
16,fake-real-arabic-news,ar,fake,الشرطة البريطانية تقتل عربي مسلم فقط لأنة أوقف سيارتة في موقف المعاقين هذا جرام الغرب الصليبي ضد المسلمين لتصل الي الجميع مع رسالة قوية الي عباد الصليب والمتمسحين بأحذيتهم
17,fake-real-arabic-news,ar,fake,معلومة لايعرفها الكثير عن معجون الأسنان يوجد اسفل كل عبوة مربع بلون معين يشير إلى معلومة هامة في تكوينه الاسود   مصنوع من مواد كيمياوية فقط الاحمر   مصنوع من خليط من المواد الكيمياوية والمكونات الطبيعة الأزرق   مصنوع من مواد طبيعية ومستحضر دوائي الاخضر   مصنوع من مواد طبيعية بشكل كامل اكتب تم ليصلك الجديد وانشرها ليستفيد أصدقاءك
18,fake-real-arabic-news,ar,fake,أم تؤك  د لبائع أن  ها وجدت القطعة ذاتها عند جاره بخمس وثلاثين بدلا  من   مع أن  ها لا تساوي أكثر من وخذ متازين يعطيك العافية قالت الحاج  ة أم سمير لبائع في متجر  أزياء أسرار الأناقة لملبوسات  أن  ها وجدت القميص ذاته  بنفس الون والق ص ة والحجم  عند جاره الملاصق له  معروضا  بخمسة  وثلاثين وليس أربعين  مع أن   القميص لا يستحق أن ي صرف عليه أكثر من عشرين  وأن  ه تفض  ل هذه العشرة التي تكفيه وتزيد قليلا  وتقول أم سمير إن  ها ص عقت بطلب البائع أربعين مقابل أي  قطعة  بالمحل  لا شيء في الس وق يستحق أن أنفق عليه كل   هذا المال  لا الأبواب ولا الشبابيك ولا الج دران والديكورات ولا البائع ولا حتى صاحب المحل نفسه  فأنا لا آتي إلى هنا سوى رغبة  بفعل الخير  فأشتري بضاعته العفنة شفقة  عليه مع أن  ني لا أستخدمها سوى كماسح في منزلي  ومع ذلك يطلب هذا النص اب أربعين وكأنه يبيعني أونصة ذهب إنجليزي  وتؤكد أم سمير أن  ها كشفت كذب البائع بعدما حلف باله والأذان والقرآن والنعمة التي أمامه  م شيرا  لفنجان القهوة  أن كلفة القميص عليه ثمانية وثلاثون  عندها عرفت أن  ه يسعى لسد   عجزه وخساراته مني أنا  فهؤلاء الباعة طم  اعون ذكوريون ح قراء  ويظنون أنهم قادرون على خداعي وإجباري على التنازل عن أغلى ما أملك لمجر  د كوني أنثى  وند  دت أم سمير بوقاحة البائع التي وصلت به لطلب هذا الر قم  فهو يعرف أن   جاره  وجاره المقابل والجار في أو  ل السوق يبيعون القطعة ذاتها بخمسة وثلاثين مع جوربين وسروال داخلي وحب  ة حلوى  ويعرف أن  ني قادرة على دخول محال هم وشرائها من عندهم  ولكنه يعتقد أن   ازدحام الزبائن عنده يجعله في مصاف المحال الأجنبية التي لا أفكر بدخولها  وأعربت أم سمير عن رضاها عن السعر الذي أخذت به البضاعة  ثم نظرت إليها واستشاطت غضبا   أنظر إلى هذه القطعة  فقماشها ليس من نوعية متازة  وقلبتها لتنظر إلى داخلها  ومصنوعة في تركيا فوق ذلك من المؤك د أن ها لا تساوي أكثر من خمسة بأفضل حال  أسأل اله أن ينفق النقود التي سرقها مني على صحته
19,fake-real-arabic-news,ar,fake,الفتوحات الإسلامية تصل منطقة ضاحية الرشيد مراسلنا جاد البديري   انتهت البارحة إحدى أطول وأشرس الفتوحات التي خاضها المسلمون منذ فتح مكة ضد العرب الجاهلية عام م وأقدم جنود الإسلام على دخول غابة الجامعة الأردنية وقاموا بتحطيم أصنامها تبعا  لأوامر أمير المؤمنين ومن أهم نتائج هذا الفتح المبين اعتناق الآلاف من سكان ضاحية الرشيد الإسلام وقد أسر المجاهدون جميع طلاب كلية الفنون وأعضاء الهيئة التدرسية فيها  إلا أن المجاهدين عادوا وأخلوا سبيلهم بعد ذلك في لفتة إنسانية نبيلة على أن يعلم كل منهم من أطفال المسلمين القراءة والكتابة لكن سرعان ما أعادوا اعتقالهم وإعدامهم بعد ان رأوهم يعلمون الاطفال أنواعا  محرمة من الفنون مثل الرسم والتلوين وقد تضمنت الغنائم من كلية الفنون ملابس تنكرية لمسرحية تاريخية وأدوات نحت ومثاقب يدوية وكهربائية ومناشير وقر المجاهدون إرسال كل ما غنموه نصرة لإخوانهم في داعش لتوظيفها بما يرونه مناسبا يذكر أن جثة مجهولة وجدت مقطوعة الرأس لشاب أعدم خطأ  حين ظن المجاهدون أنه حبشي قاتل حمزة بن عبد المطلب ليتضح في وقت لاحق أنه طالب إثيوبي يتعلم العربية في مركز الغات و قد أعلن رئيس الجامعة تعليق الدوام طوال فترة الفتح على أن يعوض الدوام يوم السبت المقبل وبفتح آخر معاقل الجاهلية العربية في عام   تنتهي قصة هذة الطائفة الغريبة التى كانت تعبد الاصنام طوالهذا الوقت  وظهر الحق وزهقت آلهتهم الباطلة
20,fake-real-arabic-news,ar,fake,طفل يخبئ عيدياته كل ها ليتمك  ن من دفع فاتورة الكهرباء مستقبلا  عندما يكبر قام الطفل سامر عن ار بتخبئة عيدياته لمر ة الثانية هذا العام  إلى جانب مصروفه والأرباح الجانبية التي يجنيها عند ذهابه إلى الدك ان أو المخبز  آملا  أن يتمكن من دفع فاتورة الكهرباء عندما يكبر ويصبح مستقلا  وأك د الطفل الطموح أنه  ورغم رؤيته إخوانه عندما تزوجوا وفشلوا حت ى إطعام زوجاتهم أو أطفالهم  فإن معنوياته لم تراجع  إذا تمك نت من اد خار نصف ما أكسبه شهريا   ولم أنفق دخلي على الأكل والشرب والكماليات  فمن المكن أن أتمكن من دفع بضع فواتير كهرباء عندما أكبر وانتقل لسكن وحدي  من جانبه  أشاد رئيس الوزراء بعزيمة الطفل سامر  متمنيا  لو كان جميع المواطنين مثله يأملون بحياة كريمة ذات يوم  إذ كانوا سينشغلون بأمورهم بعيدا  عن ا وتركونا لاستراتيجياتنا وخطنا الوطنية ومؤتمراتنا وضرائبنا دون احتجاجات ومظاهرات  ولما كان هناك ربيع عربي ولا ثورات ولا قتل ولا سوريا ولا سيسي  إن دم الموتى كل ه على أيديهم  ومع ذلك ما زالوا يناموا قريري الأعين
21,fake-real-arabic-news,ar,fake,تحذير هام جدا  جدا  يجب الحرص على عدم شرب حبوب الباراسيتامول التي تأتي مكتوبة عليها   500 وهو باراسيتامول جديد ناصع البياض والأطباء اثبتت احتواءه على فيروس  ماشوبو  التي تعتبر واحدة من أخطر الفيروسات في العالم    لذا نهيب بكل من يقرأ هذا المنشور اذا شاهدتم هذا النوع من البراسيتول ابلاغ الجهات الأمنية بما فيها مراكز الشرطة القريبة منكم لأنقاذ الناس من هذا الفايروس القاتل   ملاحظة تأكدت من الخبر 100
22,fake-real-arabic-news,ar,fake,لن تصدق   طريقة مذهلة سحرية  فعالة لعلاج الآلام الجسم بأوراق الالمنيوم تبين أنا لورق الألمنيوم القدرة على تخفيف الأم الجسم  يمكن تخفيف الام العنق و اليدين و الركبتين و الذراع  و يعتبر علاج فعال لالتهاب المفاصل و والظهر غيره من الأمراض كما بامكان ورق الألمنيوم علاج الأم المفاصل و الظهر و الرقبة وذلك بتغليف مكان الألم بورق الألمنيوم  حيت يوجد تيار حيوي بمنطقة الألم النشطة في الجسم سيختفي بمجرد تغليف مكان الألم وتثبيته ورق الألمينوم جيدا  على أي مكان يؤلمك في جسم بورق الألمنيوم  الفترة التي يمكن تغليف أماكن الألم من الليل حتى الصباح و سيظهر لك الفرق و تخف حدة الألم
23,fake-real-arabic-news,ar,fake,عالم لبناني يكتشف سب الاحتباس الحراري تمك ن العالم البناني شادي زفزفونه من اكتشاف الم سب الحقيقي لاحتباس الحراري الذي ثقب طبقة الأوزون ور ف ع  مستويات الغازات الدفيئة وس ر  ب الأشع ة فوق البنفسجي ة الضار ة وي هد د بإذابة القطب المتجمد ورفع مستوى البحار وإغراق الم دن الساحلي ة الجميلة كبيروت وأكد شادي أن حدسه كعالم لبناني قاده لبحث في أثر الاجئين السورين على الإخلال بالتوازن البيئي والتسب بالاحتباس الحراري  اكتشفت أنهم ي دخنون السجائر والأرجيلة بشراهة وبتبغ ومعسل رديء ينتجان غاز ثاني أكسيد الكربون بمعدلات تفوق تلك التي ت صدرها المصانع والسيارات كما أنهم فاقموا من حدة الازدحامات المرورية  ما زاد المدة التي نقضيها في الشوارع ومحركات سياراتنا تحرق كميات أكبر من الوقود تؤدي لمزيد من التلوث  وأضاف  ي صدر هؤلاء كميات من غاز الميثان تفوق تلك التي تنبعث من أي فصيلة حيوانات تجدها في المزارع  فهم يعيشون لفترة أطول ويعتمدون في غذائهم على البقوليات التي تسب الغازات كالعدس والفول والح م ص وبالمناسبة  فإن الح م ص السوري مليء بالسوس والعفن والرطوبة وليس بجودة البناني الذي نضيف عليه م كونات طبيعي ة وليست م صن عة كالتي يستعملونها  واعتبر شادي أن دراسته ستقلب الطاولة وت عيد خلط الأوراق  ومن ي حاول تفنيدها شريك بالاحتباس الحراري  ومن المؤك د أنه من أصول سوري ة أو فلسطيني ة أو من إحدى الطوائف المحلية سيئة الذكر  واتهم شادي الع لماء غير البنانين بالتواطؤ مع الاجئين والسكوت عن خطرهم البيئي  طيلة فترة عملي كعالم لبناني لم أجد بحثا  واحدا  يربط السورين بالاحتباس الحراري والتصحر وانقراض أي فصيلة من الحيوانات وانفجار م فاعل تشرنوبل  وكأنهم يعيثون فسادا  بكوكب  آخر وليس في كوكبنا الجميل الأخضر الذي يعيش فيه البنانيون
24,fake-real-arabic-news,ar,fake,غوارديولا يطالب جماهير الس  يتي بالص  بر لعقد من الزمن حت ى يتأقلم مع الوضع الجديد خبير الرياضي   حمدي شماشر ناشد مدر  ب نادي مانشيستر سيتي الجديد  بيب غوارديولا  الجماهير أن يؤجلوا الحكم على تكتيكاته والصبر على المل والإحباط الذي يعيشونه بسب رداءة أداء الفريق  وأن يمنحوه عقدا  من الزمن إلى أن يتأقلم مع جو بريطانيا البارد وأجواء الملاعب الإنجليزي  ة ليتمكن من إثبات نفسه وبر  ر بيب فشل ال  اعبين بالفوز في آخر ست   مباريات  لعبها بغيابه ذهني ا عن الفريق  أنا الآن في عزلة فكرية لتأم ل المستقبل  وسأستمر   على هذا الحال إلى أن أنسى ميسي عفوا   أقصد  أقصد إلى أن أجد تكتيكا  ناجحا  يتناسب مع السيتي بعيدا  عن  الت  يكي تاكا   وعد بعد ذلك الجماهير  في حال لب  وا طلبه  بقلب أداء الفريق في المباريات بدلا  من مع داتهم  فور تجديد عقده بعد هذه السنوات  مؤك  دا  أن  هم سيتذوقوا طعم الانتصار من جديد  دون أن يستمر إلى الأبد مسلسل دفع المبالغ الط  ائلة لتملم ل في المدر  جات حتى الن  وم من جهته أك  د مالك الن  ادي  منصور بن زايد آل نهيان  أن  ه سيقد  م الد  عم الكامل لغوارديولا  مادي  ا  كان أو غير ذلك من أمور لا تهم   أحدا   إذا كان يريد ميسي  فسن عطيه اثنين وفوقهم رونالدو وبيل  شرط أن يعود لنا بكأس دوري الأبطال قبل نادي قطر سان جيرمان
25,fake-real-arabic-news,ar,fake,النفض على الفراش فيه إعجاز علمي لقد أثبت العلماء والشيوخ الأفاضل أن الإنسان حين ينام إلى فراشه يموت في جسم الإنسان خلايا فتسقط على فراشه  وحينما يستيقظ الإنسان تبقى الخلايا موجوده في فراشه وعندما ينام مره أخرى تسقط خلايا مره أخرى فتتأكسد هذه الخلايا فتدخل في جسم الإنسان  فتسبب له أمراض والعياذ بالله وهذه الخلايا لا ترى إلا بمجاهر حاول الغربيون حل هذه المشكله فقاموا بغسل هذه الفرش بمواد منظفه لكن دون جدوى استخدموا جميع المنظفات لكن لم تتحرك هذه الخلايا  فقام إحدى العلماء الغربيون بنفض هذه الخلايا بيده ثلاث مرات فإذا بالخلايا تختفي   ففرح هذا العالم أنه إكتشف كيف يزيل هذه الخلايا من الفراش  عن طريق نفض الفراش ثلاث مرات فرد عليه رجل مسلم قال إن الرسول صلى الله عليه وآله وسلم قد قالها من قبل   إذا أوى أحدكم إلى فراشه فلينفض فراشه بداخله إزاره فإنه لا يدري ماخلفه عليه   هذه الحشرة تنام معك كل ليلة وصورتها مكبرة آلآف المرات بالمجهر الإلكتروني وتعيش في الفرش والبطانيات والمخدات لله معجزة    من جد سبحان الله من جد ولله في خلقه شؤون
26,fake-real-arabic-news,ar,fake,حركات جهادية تستنكر اضطهاد المجتمع الدولي وتطالب بإنشاء وطن قومي لمسلمين عقدت المنظمة العالمية لسن ة مؤتمرا  لمئتين من كبار أعضائه  بمشاركة قيادات كبرى من داعش والقاعدة والنصرة وبوكو حرام  لمناقشة أسباب الإسلاموفوبيا وكيفية التخلص منها  مطالبين المجتمع الدولي بوقف الاضطهادات المنهجة ضدهم وإنشاء وطن قومي لمسلمين وتمك  ن المجتمعون من صياغة البرنامج السياسي لمؤتمر  حيث تلخصت أهدافه بإقامة وطن قومي لمسلمين ينضوي تحت القانون العام  عن طريق استقطاب الكفاءات الإسلامية من مجاهدين وانتحارين ومقاتلين وخياطي أحزمة ناسفة وميكانيكي سيارات م فخ خة وقصابي رؤوس ومزارعي ألغام إلى هذه الدولة  وتعزيز المشاعر القومية الإسلامية  والمبادرة بتحفيز حكومات العالم على الاعتراف بوجودها واستصدار وعد منها بإنشاء وطن  قومي يلم شتاتهم  والموافقة على قانون دولي يمنع معاداة العرق الإسلامي السلفي التطرفي الجهادي  كما أ علن في المؤتمر إنشاء الوكالة الإسلامية  وتفويضها بإنشاء فروع لها حول العالم لتمثيلهم أمام الحكومات وشراء الأراضي بمساعدة الصندوق النقدي الإسلامي وتسهيل هجرة شعب اله المسلم والاستيطان وإنشاء دولتهم في كوكب الميعاد  فضلا  عن جمع الجزية  ونشر الثقافة الجهادية السمحة  وأك  د رئيس المؤتمر في كلمته أن   أم العالم تكالبت على الجهادين ونفذ  ت بسمعتهم أبشع المجازر على مرأى من المجتمع الدولي  ونحن هنا اليوم لنطالب شعوب العالم الحر ة بالوقوف معنا ونصرتنا فقد آن أوان دولتنا وسنتقبل فيها جميع أنواع الناس من عبيد وسبايا وجوار  وغلمان من شتى المنابت والأصول
27,fake-real-arabic-news,ar,fake,باحث إسرائيلي يتمكن من تحديد  الزمان والمكان المناسبين  تمكن الباحث الإسرائيلي افير كوهن من تحديد الزمان والمكان المناسبين الذين لطالما ذكرتهما مختلف الأنظمة والأحزاب العربية منذ منتصف القرن الماضي وأكد الباحث أنه  وبعكس التوقعات الإسرائيلية  فإن تصريحات الأنظمة العربية  لم تكن منسقة  بحيث لم يتفقوا معا  على  مكان وزمان مناسبين  حقيقة  وأشار كوهن إلى أن الجيش الإسرائيلي ظل يتعامل مع الوقت والزمان المناسبين على أساس أنهما إشارة إلى ساعة الصفر  في حين كشفت الدراسة أنه لا يوجد ساعة صفر بل إنهناك نقصا  عاما  في توريد الساعات واستخدامها في المنطقة العربية إجمالا  وأشار كوهن إلى أن الزمان تم تحديده بدقة عالية باستخدام التحليل العميق لخطاب العربي الرسمي  وهو خمس دقائق وشكلت النتائج صدمة كبيرة في الأوساط الإسرائيلية  إذ أظهرت الدراسة أن الزمان المناسب  حتى عند أكثر المخطين العرب صلابة  ورجولة  لا يتعدى ال دقائق عادة  و هو ما لا يعتبر  مناسبا  من حيث الفحولة الازمة المتحدث باسم القوات العربية المشتركة التابعة لجامعة  الدول  العريبة قل من قيمة الاكتشاف وأكد أن عدم تنسيق الأنظمة العربية لمكان والزمان المناسبين هو  نقطة قوة  بحيث يبقى المكان والزمان المناسبان في طي الكتمان والسرية إذ من المعروف أن السر إذا خرج عن اثنين لم يعد سرا   وبالتالي ضمنت الأنظمة العربية الحفاظ على أسرارها العسكرية الحساسة
28,fake-real-arabic-news,ar,fake,أب يكافئ ابنه ويستعمل الجزء غير المعدني من القشاط لضربه كونه لم يخطئ اليوم قد م السيد أبو سليم الز مط اليوم مكافأة لابنه سليم  تقدير ا لتحس ن الملحوظ الذي طرأ على سلوكه  بالاكتفاء بجلده عد ة جلدات  ت عد على أصابع اليدين العشرة  مستخدم ا الجزء الجلدي من الق شاط فقط  دون الجوء لطرف المعدني منه كما جرت العادة ويأتي ذلك بعد أن طب ق سليم جميع المحاذير التي ي نصح بها لتجن ب استفزاز الدبة البرية المتوح شة  فتظاهر بأنه جث ة هامدة أمام والده  وامتنع عن الحركة والتنف س دون أوامر مباشرة منه  الأمر الذي أقنع أباه أخيرا  أنه تمك ن من تحقيق حلمه بتحويل ابنه لكائن مهذ ب لا يثير المتاعب أو أي شيء آخر ويقول سليم إنه اتبع عدة خدع لإنجاح خطته  لم أدع أبي يناديني مرتين  كنت أقفز كالجني بمجرد أن يخرج حرف السين من فمه  كما أنه أرسلني إلى الدكان مرة وأبديت سعادة غامرة دون أن أمتعض  وخصت العطلة المدرسية لدراسة بعد الاستيقاظ باكرا  كالمعتاد  بالإضافة إلى وقوفي باب الحمام حاملا  البشكير حامل ا له البشكير  لينشف يديه التين ستكسران رأسي غد ا  أو بعد غد على أبعد تقدير  من جانبه  عب ر والد سليم عن سعادته الغامرة بالتغير الحاصل على ابنه  الحمدله  لقد نجحت أخيرا  بتربيته تربية صالحة  وأثبت أن أساليب التربية التراثية كالضرب بالحزام والعصى والمكنسة أفضل بملاين المر ات من أساليب منظمات حقوق الطفل وأم سليم التي كادت أن تفسد الولد بدلالها  وأضاف  إن هذا النوع من المكافآت يهيئ الطفل لمستقبل  أنا متأكد أن سليم سيستوعب عندما يكبر أهمية تكسير عظامه في بناء مستقبله  كما أن جميع محن حياته ستكون هينة بالنسبة له أمام محنة طفولته مع والده القاسي الحنون
29,fake-real-arabic-news,ar,fake,نعتذر عن قساوة المشهد  وكالة أميال الاخبارية تحصل على فيديو يبين فيه تقطيع جثة الصحفي السعودي جمال خاشقجي في قنصلية بلاده في اسطنبول   وكالة اميال الإخبارية
30,fake-real-arabic-news,ar,fake,محتال يتنفس الصعداء بعد أن قر الضحية أخذ حق ه عن طريق القضاء تنف س المحتال المحترف جميل الزو اغ الصعداء  بعد أن وصلت قضية نصبه واحتياله إلى المحكمة  وهو ما اعتبره ضمانه لعدم حصول أي توابع على ما فعله لبضعة عقود  وذلك ريثما يتمك ن القاضي من معرفة ماهية القضية ويعرف عن جميل اتقانه كاف ة أنواع النصب والاحتيال  كتقديم شيكات بدون رصيد وبيع العملة المزو رة وإجراء صفقات وهمية  حيث لجأ بعض ضحاياه إلى المحكمة  معتقدين أن بإمكانهم استرجاع حقوقهم وفق القانون والنظام ويقول جميل إنه كان يخشى محاسبته بأساليب غير قانونية  كالعنف والتهديد والشتائم والفضح بين الناس  لكن الأمور جرت على ما يرام  ويمكني الآن متابعة حياتي بطريقة تطابق تماما  مع ما كانت عليه قبل رفع القضية  ويضيف  من الآن فصاعدا  لن أحتال سوى على مواطنين شرفاء يلتزمون بحسن السلوك  ولا ينتزعون حقوقهم بأيديهم  ويثقون بالدولة وقضائها العادل والنزيه  كما ناشد جميل بقية من تعاملوا معه أن يسارعوا بتقديم المزيد من الشكاوى  فكلما ازدادت القضايا المرفوعة ضدي  زادت المد ة التي تحتاجها المحكمة لبت  في الحكم  وهو ما سيتيح لتجارتي أن تستمر وتزدهر وأجمع الكثير من المال وأتقاعد في سن مبك رة  يذكر أن خبراء حقوقيون حذروا في وقت سابق من الجوء لنظام القضائي  ليس بسب مستوى كفاءته ونزاهته فحسب  بل لمحاذير صحية تعل ق باحتمالية إصابة المشتكي بانهيار عصبي أو جلطة قبل أن يأخذ القانون مجراه
