id,source,language,title,text,domain,url
1,French_COVID_News,fr,Présidentielle américaine : l'élection peut-elle vraiment virer à la pagaille ?,"Entre crise du Covid-19, accusations de fraude et menaces de recours en justice pour contester les résultats, le scrutin du 3 novembre pourrait être un des plus incertains de l'histoire des Etats-Unis. Franceinfo vous explique pourquoi. ""Si Donald Trump perd de justesse la présidentielle, ce pays va vivre un enfer."" Assis à la table d'un restaurant de Wilmington Delaware , Azeez, agent immobilier afro-américain, insiste : ""Quand on voit les tensions dans ce pays, il y a vraiment de quoi craindre pour sa sécurité."" A 1 200 kilomètres de là, du côté d'Atlanta Géorgie , Stefany tient le même discours. ""J'ai vraiment peur des violences, s'inquiète cette Américaine de 25 ans d'origine mexicaine. Nous, les personnes immigrées, on ne veut pas se montrer. On sait que l'on peut être des cibles."" Je vais voter par correspondance, car j'ai peur que des militants trumpistes viennent semer la pagaille dans les bureaux de vote. Dans mon entourage, je ne connais personne qui veut se déplacer.Stefanyà franceinfo Azeez et Stefany, deux profils, deux histoires pas si isolées que ça. Aux Etats-Unis, les inquiétudes qui entourent la course à la Maison Blanche grandissent à mesure que la date du 3 novembre approche. ""Si le Congrès et les Etats n'agissent pas immédiatement, notre pays pourrait faire face à un 'Tchernobyl électoral' cet automne"", s'alarmait dès le mois de juin le sénateur démocrate de l'Oregon, Ron Wyden. Le site Politico prédit, lui, un scrutin qui ""a de bonnes chances d'être marqué par une pagaille bureaucratique et un chaos prévisible ... , laissant les Etats-Unis face au résultat le plus incertain et le plus disputé depuis des années"". Un scrutin contaminé par le coronavirus La ""pagaille"" que certains imaginent est avant tout liée à l'épidémie de Covid-19. Le virus, qui a déjà tué plus de 200 000 personnes dans le pays et contaminé son plus haut représentant, a obligé les Etats à faciliter le vote par correspondance. Quarante-deux d'entre eux autoriseront cette option pour la présidentielle, sans autre justification que le contexte sanitaire. Pour la première fois de l'histoire américaine, 76 des électeurs auront donc le droit d'envoyer leur bulletin par courrier, estime le New York Times . Quel type de vote les électeurs adopteront-ils ? Selon une étude de l'institut Hawkfish, ceux de Joe Biden privilégieraient celui par correspondance. Alors que ceux du candidat républicain envisageraient davantage de se déplacer dans les bureaux de vote. Ce qui fait craindre à certains observateurs un ""red mirage"" ""mirage rouge"" en français, en référence à la couleur des républicains . Un scénario qui verrait l'actuel locataire de la Maison Blanche l'emporter le soir du scrutin, avant d'être rattrapé et dépassé par son adversaire quelques jours plus tard, lorsque tous les bulletins envoyés par la poste auront été dépouillés et comptabilisés. Une enveloppe pour le vote par correspondance pour la présidentielle de 2012 dans le Colorado. MAXPPP ""Si les résultats sont très serrés dans les Etats-clés, ceux où se joue vraiment l'élection, il est possible qu'il faille attendre plusieurs jours pour connaître le vainqueur"", analyse Archon Fung, professeur spécialiste de la gouvernance à Harvard. C'est ce qui s'est passé lors des élections de mi-mandat dans l'Arizona, en 2018. La candidate républicaine au Sénat était en tête le soir du scrutin, mais c'est finalement son adversaire démocrate qui a été déclarée victorieuse plusieurs jours après, une fois l'ensemble des votes par courrier dépouillés. Pour Paul Gosar, représentant républicain de l'Etat interrogé par franceinfo, ce retournement de situation ne peut s'expliquer ""que par de la fraude"". Aucune preuve ne vient pourtant étayer cette accusation, selon la presse locale . Les républicains agitent le spectre de la fraude Cela n'empêche pas l'élu de l'Arizona de s'inquiéter d'un ""grand risque"" d'irrégularités en novembre, comme l'a d'ailleurs évoqué Donald Trump fin juillet : ""Avec le vote par correspondance, 2020 sera l'élection la plus frauduleuse de l'histoire."" Mi-septembre, il affirmait encore que ""le résultat de l'élection du 3 novembre pourrait ne jamais être déterminé avec précision"". Because of the new and unprecedented massive amount of unsolicited ballots which will be sent to voters , or wherever, this year, the Nov 3rd Election result may NEVER BE ACCURATELY DETERMINED, which is what some want. Another election disaster yesterday. Stop Ballot Madness! https://t.co/3SMAk9TC1a — Donald J. Trump @realDonaldTrump September 17, 2020 Pourtant, ""toutes les études montrent que la fraude électorale est très rare aux Etats-Unis, poursuit Archon Fung. L'objectif du président est clairement de semer le doute sur la validité des résultats et de décrédibiliser le système électoral."" Dans ce contexte, le Transition Integrity Project a voulu simuler ce qui pourrait advenir entre le 3 novembre et le 20 janvier, date de l'investiture du président élu. ""Tous les scénarios que nous avons envisagés menaient à de la violence dans les rues et à une crise politique"", explique Rosa Brooks, professeure de droit à l'université Georgetown et cofondatrice de ce think tank, dans les pages du Washington Post . Parmi les hypothèses évoquées , des affrontements entre manifestants anti-Trump et milices d'extrême droite, se soldant par l'intervention de l'armée. Dans un autre scénario, les démocrates, déçus d'une victoire du républicain, envisagent la sécession des Etats de la côte ouest. Un troisième voit le Sénat valider l'élection du milliardaire, quand la Chambre des représentants proclame la victoire de Joe Biden. Des scénarios du pire que Miles Rapoport préfère écarter : ""Si l'élection est très disputée, il y aura sûrement des manifestations de démocrates et de républicains dans les jours suivants. Mais le risque de violences est plus faible que ce que certains prédisent, estime le professeur de sciences politiques à l'université de Harvard, sollicité par franceinfo. Les instances électorales font leur possible pour garantir que le scrutin se passera au mieux."" Des recours en justice ? Qu'importe, Donald Trump incite ses partisans à ouvrir l'œil. ""Je les exhorte à se rendre aux urnes et à observer très attentivement "", déclarait-il le 29 septembre, lors du premier débat télévisé entre les deux candidats à la présidentielle. Sur le terrain, le message du ""chef"" semble être bien passé : Tom Kennedy, administrateur du groupe Facebook ""Baltimore City for Trump 2020"", a lancé un appel à ses 330 membres pour demander des renforts. ""Cette année, nous avons plus que jamais besoin d'observateurs dans les bureaux, explique le républicain à franceinfo. Des millions de bulletins de vote sont envoyés à travers le pays, les risques de fraude augmentent de façon exponentielle."" Un groupe de soutien à Donald Trump recherche des volontaires pour surveiller les bureaux de vote à Baltimore Maryland , le jour de l'élection américaine, le 3 novembre 2020. FACEBOOK Dans le camp d'en face, on a bien compris la stratégie du président sortant. ""Il essaie de dissuader et d'effrayer"", soufflait Joe Biden lors du débat, avant de se tourner vers la caméra pour adresser un message solennel aux millions d'Américains devant leur télé : ""Il ne peut pas vous empêcher de voter Le vote par correspondance n'est pas dangereux."" En coulisses, le candidat démocrate de bientôt 78 ans se prépare lui aussi à toutes les éventualités. Il a notamment recruté 600 avocats prêts à intervenir partout où il y aurait des problèmes. Car en cas de résultats serrés dans un ou plusieurs Etats-clés, il est probable que la 59e présidentielle finisse devant la justice. Certains observateurs font d'ailleurs le parallèle avec celle de 2000, quand les Etats-Unis s'étaient réveillés sans président élu au lendemain du scrutin : en Floride, le vote était si serré qu'il était impossible de dire qui d'Al Gore ou de George W. Bush était en tête. Le suspense, rythmé par d'interminables recomptages, avait duré un mois. Jusqu'à ce que la Cour suprême désigne le républicain vainqueur, le 12 décembre. Trump pourrait ne pas reconnaître sa défaite Parmi les journalistes accrédités à la Maison Blanche, on se prépare également à couvrir une élection hors du commun. ""Il va falloir faire attention aux résultats que l'on donne, sans se précipiter sur les sondages de sortie des urnes"", soupire d'avance David Smith. Le correspondant du Guardian s'interroge sur le scénario en cas de défaite de Trump. Il a en effet suffi d'une question posée en conférence de presse à la Maison Blanche, le 23 septembre, pour semer le doute : ""Vous engagez-vous à une passation pacifique du pouvoir ?"" ""Il va falloir que nous voyions ce qui se passe"", a esquivé le président, qui a réitéré ses propos lors du débat face à Joe Biden. Reporter: ""Win, lose or draw in this election, will you commit here today for a peaceful transferal of power after the election?"" President Trump: ""We're going to have to see what happens."" pic.twitter.com/h5RF3dKPD1 — NBC News @NBCNews September 23, 2020 Un flou qui agace jusque dans son propre camp. ""La transition pacifique du pouvoir est fondamentale à la démocratie, sinon c'est la Biélorussie, s'est énervé sur Twitter le sénateur républicain de l'Utah, Mitt Romney. Qu'un président sous-entende qu'il pourrait ne pas respecter la Constitution est impensable et inacceptable."" ""Celui qui remportera l'élection du 3 novembre sera investi le 20 janvier. Il y aura une transition en bon ordre, comme tous les quatre ans depuis 1792"", a tenté de rassurer le chef de la majorité républicaine au Sénat, Mitch McConnell. ""Cette élection est imprévisible parce que le président est imprévisible"", résume Archon Fung. Le professeur veut toutefois éviter tout catastrophisme. ""Même en cas d'élection très disputée, j'ose espérer que les observateurs, les responsables politiques et les institutions pousseront le perdant à reconnaître la défaite."" Il reste par ailleurs un scénario qui éviterait, a priori, toute situation de chaos : qu'un candidat remporte une large victoire dès le 3 novembre. Les liens marqués par des astérisques renvoient vers des contenus en anglais.",francetvinfo.fr,https://meteo.francetvinfo.fr/monde/usa/presidentielle/presidentielle-americaine-l-election-peut-elle-vraiment-virer-a-la-pagaille_4125357.html
2,French_COVID_News,fr,Comment le confinement pourrait bouleverser le culte catholique en Belgique,"Comment le confinement pourrait bouleverser le culte catholique en Belgique Société06:40 Bosco d'Otreppe AP Le Covid a favorisé l’émergence de petites ""églises de proximité"", qui ne s’appuyent pas sur les paroisses. Dans quel état les catholiques retrouveront-ils leurs paroisses ? Seront-ils encore nombreux à pousser les portes de leurs églises une fois que les messes aujourd’hui réduites à 15 personnes reprendront leur rythme de croisière ?",lalibre.be,https://www.lalibre.be/belgique/societe/comment-le-confinement-pourrait-bouleverser-le-culte-catholique-en-belgique-602c0bc57b50a62acff91940
3,French_COVID_News,fr,Les lauréats Gault Millau 2020 des cuisines de collectivité et partenaires catering,"Pour la cinquième fois, le guide culinaire Gault Millau a décerné mercredi ses ""Gault Millau Catering Awards"", dédié aux organisations et entreprises du secteur des cuisines de collectivité et du catering. Cette année, la cérémonie a toutefois eu lieu en ligne, crise du coronavirus oblige. Les récompenses méritées pour l'année 2019 auraient dû être remises en mars, lors de la première ""Night of the Catering"" dans la salle de la Madeleine à Bruxelles, mais la crise sanitaire en a décidé autrement. ""Nous avons commencé un projet de catering avec Gault Millau il y a sept ans parce que nous pensions que c'était très important. Le secteur représente beaucoup de repas et ce sont beaucoup de personnes qui travaillent dans l'ombre. C'est pourquoi on voulait le mettre un peu en exergue"", a d'emblée souligné Marc Declerck, CEO Gault Millau Benelux, lors du webinaire de mercredi. Parmi les récompenses: Le prix de la relation avec le client est allé à l'hôpital Jan Yperman à Ypres, à la société Aramark au sein de la maison de repos et de soins Zilversterre à Gand et à la résidence CHC à Heusy. Le prix de la gestion des déchets a été décerné à la maison de repos et de soins Meerminnehof à Mortsel, à ISS au sein de DEME et à Sodexo à la Résidence de la Knippchen à Arlon. Outre ces prix pour les collectivités, des awards pour les ""events catering"" ont été remis. Davy De Pourcq de Sir Catering a ainsi été couronné du ""Gault Millau Event Catering Chef of the Year Gold"" tandis que Chef Chez Soi s'est vu décerner le ""Gault Millau Healthy Event Caterer of the Year"". Tous les lauréats Catering Awards 2020 AWARDS CUISINES DE COLLECTIVITÉ Relation avec le client Gestion propre : Jan Yperman Ziekenhuis, Ieper Sous-traité: Aramark - WZC Zilversterre, Gent Gestion propre : CHC Résidence, Heusy Responsabilité sociale des entreprises Gestion propre : UZ Leuven Sous-traité: Belgocatering - Bank Degroof Petercam Gestion propre : TCO Services, Louvain La Neuve Santé et aspects nutritionnels Gestion propre : CM-Zorgverblijf Ter Duinen, Nieuwpoort Gestion propre : Domaine de Nivezé Mutualité Chrétienne Innovation originalité Gestion propre : AZ Groeninge, Kortrijk Sous-traité : Sodexo - UZ Gent Gestion propre : Résidence L'Aurore, Charleroi Gestion des déchets Gestion propre: WZC Meerminnehof, Mortsel Sous-traité: ISS - DEME Sous-traité : Sodexo - Résidence de la Knippchen, Arlon EVENT CATERING AWARDS Gault Millau Best Catering Event of the Year: Sir Catering avec Project X Gault Millau Innovative Event Caterer of the Year: J M Catering Gault Millau Healthy Event Caterer of the Year: Chef Chez Soi Gault Millau Event Catering Chef of the Year Bronze: Tom Vandereecken - Gourmet Invent Gault Millau Event Catering Chef of the Year Silver: Damien Audusseau - Choux de Bruxelles Gault Millau Event Catering Chef of the Year Gold: Davy De Pourcq - Sir Catering Les récompenses méritées pour l'année 2019 auraient dû être remises en mars, lors de la première ""Night of the Catering"" dans la salle de la Madeleine à Bruxelles, mais la crise sanitaire en a décidé autrement. ""Nous avons commencé un projet de catering avec Gault Millau il y a sept ans parce que nous pensions que c'était très important. Le secteur représente beaucoup de repas et ce sont beaucoup de personnes qui travaillent dans l'ombre. C'est pourquoi on voulait le mettre un peu en exergue"", a d'emblée souligné Marc Declerck, CEO Gault Millau Benelux, lors du webinaire de mercredi. Parmi les récompenses:Le prix de la relation avec le client est allé à l'hôpital Jan Yperman à Ypres, à la société Aramark au sein de la maison de repos et de soins Zilversterre à Gand et à la résidence CHC à Heusy. Le prix de la gestion des déchets a été décerné à la maison de repos et de soins Meerminnehof à Mortsel, à ISS au sein de DEME et à Sodexo à la Résidence de la Knippchen à Arlon. Outre ces prix pour les collectivités, des awards pour les ""events catering"" ont été remis. Davy De Pourcq de Sir Catering a ainsi été couronné du ""Gault Millau Event Catering Chef of the Year Gold"" tandis que Chef Chez Soi s'est vu décerner le ""Gault Millau Healthy Event Caterer of the Year"".",levif.be,http://weekend.levif.be/lifestyle/culinaire/les-laureats-gault-millau-2020-des-cuisines-de-collectivite-et-partenaires-catering/article-normal-1339659.html
4,French_COVID_News,fr,Le FMI prône désormais des augmentations d’impôts pour les plus riches,"Longtemps soucieux de convaincre les États de réduire leurs dépenses, le Fonds monétaire international FMI se félicite aujourd’hui du fait qu’ils ont beaucoup dépensé pour faire face à la crise du Covid. Il encourage l’ensemble des pays du monde à taxer davantage les hauts revenus pour financer le coût de la lutte contre la pandémie et réduire les inégalités. En présentant le rapport « Fiscal Monotor » d’avril 2021, publié deux fois par an, le directeur du département des finances publiques du FMI, Vitor Gaspar, a indiqué le 7 avril que les États ont dépensé plus de 16 000 milliards de dollars 13 500 milliards d’euros durant les douze derniers mois pour soutenir leur économie, ce qui les a amenés « à atteindre des niveaux d’endettement historiquement élevés. » À LIRE. Joe Biden engage une hausse historique de la fiscalité des entreprises Le rapport indique que « dans les économies avancées, le déficit moyen atteint désormais 11,7 du PIB et 9,8 pour les pays émergents ». L’endettement moyen de l’ensemble des États se monte à 97 du PIB en 2020. Le soutien budgétaire a évité l’équivalent de la Grande dépression Vitor Gaspar juge ces dépenses « pleinement justifiées » car le soutien massif à l’économie, dans les pays développés a évité l’équivalent de la Grande dépression des années 1930. Toutefois, selon lui, « le Covid 19 a aggravé les inégalités qui préexistaient », ce qui « risque d’entraîner une série de fractures politiques et sociales ». Pour réduire ce risque, il appelle à « lutter contre les inégalités d’accès aux services publics de base, la santé, l’éducation, et la sécurité sociale, et à renforcer les politiques de redistribution », ce qui va « dans de nombreux cas, exiger des augmentations substantielles d’impôts ». Vitor Gaspar a ainsi salué l’initiative américaine pour fixer un seuil minimal mondial d’imposition des entreprises qui serait à un niveau élevé, à 21 . Taxer les gagnants de la crise sanitaire Le rapport du FMI suggère également de mettre en œuvre une taxation temporaire visant les plus hauts revenus et les entreprises qui ont prospéré durant la crise sanitaire, pour éponger le surcroît de dettes engendré par l’épidémie. Il cite par exemple le secteur du numérique ou les laboratoires pharmaceutiques. Il fait la liste des différentes options : impôt sur le revenu, sur le patrimoine des particuliers, ou sur le bénéfice des entreprises, mais conclut que c’est à chaque pays d’adopter sa propre démarche, alors que chacun est confronté à une situation différente. L’ensemble du rapport est un plaidoyer pour renforcer l’action des États, afin qu’ils pilotent la transition vers « un autre modèle de croissance qui serait plus vert, plus numérique et plus inclusif ». Le FMI ajoute ainsi sa voix à de nombreuses prises de position, ces derniers jours, en faveur de hausses d’impôts. L’idée a ainsi été défendue par le patron d’Amazon, Jeff Bezos, l’un des hommes les plus riches du monde. La France maintient ses baisses d’impôts Le ministre français de l’économie Bruno Le Maire a également été interrogé le 8 avril sur ce sujet, alors que la France poursuit au contraire un programme de baisse de la fiscalité des entreprises. Il a confirmé que le gouvernement ne prévoit pas de remettre ce programme en question, car la France « détient le triste record du taux de prélèvement le plus élevé ». RELIRE. En France, la baisse continue de l’impôt sur les sociétés En maintenant l’objectif de faire descendre, en 2022, le taux de prélèvement sur les sociétés à 25 , « la France va rejoindre la moyenne des pays européens. Il y a un mouvement de convergence entre économies développées », a-t-il estimé, concluant que « c’est une bonne chose », car cela va éviter une course au moins-disant qu’il a toujours condamnée.",la-croix.com,https://www.la-croix.com/Economie/Le-FMI-prone-desormais-augmentations-dimpots-riches-2021-04-09-1201150079
5,French_COVID_News,fr,Covid 19 : Allègement des mesures sanitaires à Mayotte,"Mayotte enclenche une nouvelle étape dans l’allègement des mesures sanitaires et des conditions de voyage pour les voyageurs justifiant un schéma vaccinal complet. Mayotte la 1ere La préfecture de Mayotte annonce l’allégement des mesures sanitaires vu l’amélioration de la situation épidémiologique avec un taux de positivité à 2 et taux d’incidence à 37 cas pour 100000 habitants, bien en déca des 50 cas du seuil d’alerte. A compter d’aujourd’hui, fini les jauges dans les établissements accueillants du public, même si le port du masque reste obligatoire, la consommation debout est de nouveau autorisée dans les cafés et les bars. Plus besoin de test pour les personnes vaccinées qui voyagent vers la Métropole, par contre, les Manzaraka et les voulé restent interdits à plus de dix personnes. Fermées depuis le 10 décembre, les discothèques, peuvent rouvrir dans le respect du protocole sanitaire. Levée des jauges dans les établissements accueillant du public ; Interdiction des rassemblements de plus de 10 personnes dans l’espace public, y compris les manzarakas et les voulés sauf évènement dûment autorisé par la préfecture et appliquant le pass sanitaire . Les organisateurs doivent adresser une déclaration au moins 10 jours avant l’évènement aux services de la préfecture ; Fin de l’interdiction de diffusion de musique amplifiée dans l’espace public ; La consommation debout sera de nouveau autorisée dans les cafés et les bars ; Les discothèques, fermées depuis le 10 décembre, pourront rouvrir dans le respect du protocole sanitaire ; Les concerts debout pourront reprendre à compter du 16 février dans le respect du protocole sanitaire. L’obligation du port du masque dans les établissements recevant du public est maintenue. Allègement des conditions de voyage : voyager à destination et en provenance de Mayotte Pour les vaccinés voyageant au départ de Mayotte et à destination de la métropole : Le test préalable au départ de Mayotte vers le reste du territoire national n’est plus obligatoire pour les voyageurs justifiant un schéma vaccinal complet. Cette disposition ne concerne pas les voyages vers La Réunion. Pour les non vaccinés voyageant au départ de Mayotte et à destination de la métropole : Les personnes qui ne sont pas vaccinées ne peuvent voyager que si elles justifient d’un motif impérieux. Ces passagers doivent présenter les pièces suivantes à l’embarquement : Justificatif du motif impérieux de déplacement ; Résultats d’un test RT-PCR négatif de moins de 72 h ou d’un test antigénique de moins de 48 h ; Déclaration sur l’honneur attestant qu’elles acceptent qu’un examen de dépistage soit réalisé à leur arrivée sur le territoire. Pour les voyageurs vers Mayotte, la réglementation ne change pas : Toute personne de douze ans et plus souhaitant se déplacer vers Mayotte depuis le territoire hexagonal ou depuis un pays tiers doit être munie :",francetvinfo.fr,https://la1ere.francetvinfo.fr/mayotte/covid-19-allegement-des-mesures-sanitaires-a-mayotte-1231843.html
6,French_COVID_News,fr,Covid-19 :La police nationale utilise-t-elle des drones pour surveiller des passants ces derniers jours à Marseille ?,"Depuis le 24 septembre une vidéo de drone circulant à Marseille et pilotée par la police nationale, inonde les réseaux sociaux. L’un des tweets qui la diffusent, avec plus de 120 000 vues, dit ceci : ""Un drone circule au-dessus de Marseille et avertit les citoyens. 'Police Nationale, lutte contre la covid19, port du masque obligatoire partout en ville, à défaut vous vous exposez à une amende de 135 euros. Terminée la science-fiction. Bienvenue chez les tarés psychotiques."" Un drone circule au dessus de Marseille et avertit les citoyens. ""Police Nationale, lutte contre la covid19, port du masque obligatoire partout en ville, à défaut vous vous exposez à une amende de 135 euros"" Terminée la science fiction. Bienvenue chez les tarés psychotiques. pic.twitter.com/NEp3Uyri5u — Antoine H @HAntoine11 September 25, 2020 Est-ce que cette vidéo est vraie et date-t-elle de la semaine dernière ? Non cette vidéo ne date pas du 25 septembre 2020. Plusieurs indices nous l’indiquent. D’abord le ciel bleu qu’on voit en toile de fond alors que ce jour-là les prévisions de météo France prévoyaient un temps nuageux. Ensuite, le post le plus ancien de cette vidéo que nous avons retrouvé date du 26 août 2020. La personne qui a diffusé la vidéo nous a confirmé qu’elle en est bien l’auteure et la préfecture de police des Bouches-du-Rhône nous confirme qu’un drone ""a été utilisé 3 fois fin août / début septembre dans le cadre d’une expérimentation"". Est-ce que la police marseillaise a le droit d'utiliser des drones pour faire de la prévention sur le port du masque dans les rues ? De nombreux internautes signalent également que l’utilisation de ce drone va à l’encontre d’une décision de justice rendue par le Conseil d’État en mai dernier. Oui le conseil d’État a ordonné à l’État de cesser immédiatement la surveillance par drone du respect des règles sanitaires à compter du 18 mai 2020 à Paris ! L’ordonnance rendue par le Conseil d’État concerne la capitale française uniquement. Maître Rameix et Maître Spinosi étaient respectivement les avocats qui représentaient la Quadrature du Net et la Ligue des droits de l’Homme dans leurs démarches juridiques qui ont amené cette ordonnance. Selon eux, cette décision a été rendue car les drones utilisés par la police peuvent permettre une identification des personnes et il est impossible de vérifier qu’ils n’enregistrent pas. Cela va à l’encontre de la directive européenne du 27 avril 2016. La Quadrature du Net a décidé de ne pas poursuivre la ville de Marseille mais nous indique que ""l’utilisation de ce drone durant l’été 2020 à Marseille va à l’encontre de la décision rendue par le conseil d’État le 18 mai 2020 pour la ville de Paris.""",francetvinfo.fr,https://www.francetvinfo.fr/sante/maladie/coronavirus/masques-sanitaires/covid-19-la-police-nationale-utilise-t-elle-des-drones-pour-surveiller-des-passants-ces-derniers-jours-a-marseille_4122547.html
7,French_COVID_News,fr,Covid-19: quel est le niveau minimum d’efficacité pour autoriser un vaccin ?,"Des seringues jetables dans un centre de vaccination près de Nantes Loire-Atlantique dans le cadre de la campagne de vaccination contre le coronavirus en France, le 6 mai. Stephane Mahe/Reuters Question posée par Yann, le 1er juillet 2021, Bonjour, Dès avril 2020, en prévision du développement de vaccins contre le Covid-19, l’Organisation mondiale de la santé OMS a conseillé un taux minimum d’efficacité pour les vaccins contre le Covid-19 de 50 . «L’OMS a élaboré très tôt, par le biais du plan directeur de R D pour la prévention des épidémies, les profils de produits cibles pour un vaccin efficace et sûr, en fixant l’efficacité minimale à 50 , la limite inférieure de l’intervalle de confiance ne devant pas descendre en dessous de 30 », rappelait ainsi le docteur Soumya Swaminathan, scientifique en chef au sein de l’organisation, lors d’une conférence de presse, le 18 juin. Une efficacité qui peut être mesurée par rapport à la survenue de cas symptomatiques, graves, mais aussi au regard de la transmission du virus, était-il indiqué dans le document de référence. Aux Etats-Unis, le taux de 50 a aussi été retenu par la Food and Drug Administration FDA , dans son «guide sur l’industrie», sur le «développement et l’homologation de vaccins pour la prévention du Covid-19», publié en juin 2020. En Europe, l’Agence européenne des médicaments EMA a choisi de ne pas établir de niveau minimum d’efficacité pour l’autorisation d’un vaccin, même si le taux de 50 est aussi recommandé. «L’EMA a indiqué que les essais pour les vaccins Covid-19 devraient être conçus pour démontrer un taux d’efficacité d’au moins 50 , mais elle n’a pas fixé ce taux comme étant le niveau minimum d’efficacité pouvant conduire à l’approbation, précise ainsi l’EMA à CheckNews. En effet, avant de statuer sur l’autorisation d’un vaccin, l’Agence examinera les résultats globaux de sécurité et d’efficacité de chaque vaccin individuellement. Par exemple, un vaccin pourrait avoir un taux d’efficacité inférieur à celui d’autres vaccins mais présenter d’autres avantages tels que des effets secondaires beaucoup moins nombreux ou une facilité de stockage et d’administration, ou encore être plus efficace dans un groupe d’âge ou un type de population spécifique.» Pour l’heure, les quatre vaccins actuellement autorisés en Europe ceux de Pfizer-BioNTech, Moderna, AstraZeneca et Janssen dépassent tous largement le seuil de 50 . Mais des produits avec une efficacité bien moindre pourraient également être approuvés. L’efficacité du vaccin développé par le laboratoire allemand CureVac, actuellement examiné par l’EMA, n’est ainsi que de 48 , «toute sévérité confondue». L’absence de seuil minimum d’efficacité vaut d’ailleurs pour tous les vaccins, et pas uniquement pour ceux dirigés contre le Covid-19. «Etant donné qu’une évaluation de l’efficacité protectrice n’est pas nécessaire et /ou n’est pas réalisable pendant la période de pré-autorisation, l’EMA ne fixe pas de niveau minimum d’efficacité pour l’autorisation d’un vaccin», répond ainsi l’agence européenne. Une règle qui s’explique, notamment, par la façon dont est évaluée l’efficacité d’un vaccin. Celle-ci «comprend plusieurs aspects qui ne sont pas toujours de même importance selon le vaccin et la maladie», explique l’épidémiologiste Pierre-Yves Boëlle. De façon générale, «on décrit trois formes d’efficacité : la protection contre l’infection, c’est-à-dire une réduction de la susceptibilité individuelle. C’est l’efficacité individuelle, celle qui sera évaluée avant tout. Et pour les personnes vaccinées, mais infectées malgré tout, la protection contre la maladie sévère et la réduction de la transmission. Ces deux dernières formes de protection sont intéressantes pour réduire la morbidité et la circulation globale», détaille-t-il. Ainsi, selon les situations, l efficacité attendue d’un vaccin n’est pas la même. «Il n’y a pas un niveau d’efficacité minimum commun à atteindre pour tous les vaccins. En effet, un vaccin qui est efficace à 30-40 contre une maladie très fréquente et potentiellement grave, comme le paludisme, va permettre d’éviter beaucoup de cas en nombre absolu. Un vaccin contre une maladie plus rare va devoir avoir une efficacité élevée pour qu’un impact soit visible. Un vaccin contre une maladie très contagieuse va également devoir avoir une efficacité élevée afin de limiter la transmission de la maladie. Car plus le taux de reproduction est élevé, plus la protection effective et la couverture vaccinale en population doit être élevée pour entraîner une immunité collective. C’est le cas du vaccin contre la rougeole atteignant une efficacité supérieure à 97 après deux doses», indique l’Agence nationale de sécurité du médicament ANSM .",liberation.fr,https://www.liberation.fr/checknews/covid-19-quel-est-le-niveau-minimum-defficacite-pour-autoriser-un-vaccin-20210722_C7ORBPZGZNGY7MN4DMU4GUXLFY/
8,French_COVID_News,fr,Variant breton : les huit porteurs de cette mutation de la Covid-19 sont décédés,"Le 15 mars, la direction générale de la Santé DGS a adressé une note aux professionnels de santé concernant un nouveau variant de la Covid-19, appelé ""20C"" et surnommée ""variant breton"". Cette souche a été détectée dans le centre hospitalier de Lannion Côtes-d'Armor où 79 cas de coronavirus ont été recensés, dont 8 porteurs du variant. Ces résultats ont été confirmés par séquençage. Les patients présentaient des symptômes de l’infection, mais leurs tests de dépistage naso-pharyngés étaient négatifs. L'Agence régionale de santé ARS de Bretagne et le préfet des Côtes-d'Armor ont annoncé, mardi 16 mars lors d'une conférence de presse, que les huit patients touchés par cette mutation étaient décédés. Pour l'heure il n'y a ""pas de lien causalité établi entre ces décès et le nouveau variant"". Des investigations pour évaluer la sévérité du variant breton ""L’analyse moléculaire réalisée par le CNR de Pasteur met en évidence un nouveau variant porteur de neuf mutations dans la région codant pour la protéine S mais également dans d’autres régions virales"", peut-on lire dans le document de la DGS. Elle a également précisé qu’une évaluation est en cours afin de déterminer ""l’impact possible de ces modifications génétiques sur un défaut de reconnaissance par les tests virologiques conduisant à un sous-diagnostic"". Les autorités sanitaires ont également débuté des investigations afin d’évaluer la sévérité et la propagation du variant breton. ""Les premières analyses de ce nouveau variant ne permettent de conclure ni à une gravité ni à une transmissibilité accrues par rapport au virus historique"", a cependant précisé la DGS. Un avis partagé par le Professeur Bruno Lina, virologue et membre du Conseil scientifique : ""C'est un virus qui aujourd'hui ne présente aucun caractère de dangerosité, il n'est pas plus sévère, il ne donne pas des infections plus longues et il semble se diffuser de façon relativement restreinte ... . On se rend compte qu'on n'a probablement pas une diffusion très importante de ce virus"", a-t-il expliqué sur RTL. Variant breton : les autres tests de dépistage sont-ils fiables pour le détecter ? Interrogé par BFMTV, Pierre Tattevin, chef du service des maladies infectieuses au CHU de Rennes Ille-et-Vilaine a expliqué pourquoi les tests PCR chez les malades touchés par le variant breton étaient négatifs. ""Le plus souvent, c’est lié au fait que le patient n’excrète pas par le nez"", explique-t-il. ""Nos collègues ont effectué des tests sérologiques ou des prélèvements pulmonaires. Ils ont alors retrouvé des traces de coronavirus, mais différent de celui qu’on connaissait"", a souligné le spécialiste. Selon Pierre Tattevin, il est possible d’avoir recours aux tests sérologiques pour détecter le coronavirus, mais le diagnostic est plus tardif. Il a lieu 7 à 10 jours après l’infection. Les professionnels de santé peuvent également réaliser des examens plus techniques. ""On peut faire cracher les patients en irritant un peu les voies aériennes. On peut obtenir des prélèvements plus profonds sans avoir besoin de faire des tests trop invasifs"", a-t-il détaillé. Le chef du service des maladies infectieuses du CHU de Rennes a cependant reconnu qu’il est plus compliqué d’identifier les cas de coronavirus. ""À cause des difficultés de diagnostic, nous n’avons pas de chiffres exacts sur le nombre de patients touchés par le nouveau variant, mais plusieurs dizaines de cas ont été enregistrés au cours des dernières semaines"", a précisé Pierre Tattevin. D’après lui, il est trop tôt pour estimer la virulence de cette nouvelle souche, mais certains patients ont développé des formes graves. À lire aussi : Tests PCR, antigénique, salivaire : quand et pour quel test de dépistage du Covid-19 opter chez son enfant ? Diarrhée, vomissements : ces symptômes peuvent-ils indiquer une infection au Covid-19 ? Autotests Covid-19 : comment fonctionnent ces outils disponibles dès cette semaine en France ?",femmeactuelle.fr,https://www.femmeactuelle.fr/sante/news-sante/variant-breton-ce-que-lon-sait-sur-cette-mutation-de-la-covid-19-indetectable-avec-les-tests-actuels-2110042
9,French_COVID_News,fr,Coronavirus : Didier Raoult diffuse une fake news sur la chloroquine et se rétracte,"Publié le 17/12/2020 à 12:15 Attention, fake news. Le professeur Didier Raoult, directeur de l'IHU Méditerranée Infection, a publié mercredi 16 décembre un tweet dans lequel il assure que l’American Medical Association AMA ""constate qu’il n’y a aucun risque au traitement par hydroxychloroquine, que des études ont constaté son efficacité et retire ses recommandations de ne pas l'utiliser contre le COVID-19 "". Mais certains internautes repèrent rapidement la supercherie. En vérité, explique la journaliste du Point Géraldine Woessner, ""si un petit groupe de médecins a bien demandé à l'AMA de revoir son jugement"" sur l'hydroxychloroquine, ""leur motion a été rejetée"". Entre temps, Didier Raoult a rapidement supprimé son tweet. Trop tard visiblement, puisque sa fausse information avait déjà été reprise par certains médias. 1/3 FALLAIT PAS SUPPRIMER Le mercredi 16 décembre @raoult_didier, dans un tweet posté à 14H06 , annonce que l’AMA « constate qu’il n’y a aucun risque au traitement par hydroxychloroquine, que des études ont constaté son efficacité ». pic.twitter.com/P865K1Y9Lp — DETLEFSEN Patrick NoFakeMed Vigie @DETLEFSENPatri1 December 16, 2020 Cette fausse information vient des États-Unis, où elle a apparemment beaucoup circulé sur Twitter avant d'être reprise par le célèbre promoteur marseillais du traitement. Elle a d'ailleurs été reprise par l'animateur de radio américain Rush Limbaugh. Des journalistes américains ont alors décidé de se saisir de la question, et l'AMA a publié à son tour un tweet pour démentir. ""En mars, l'AMA a appelé à la prudence à propos de la prescription d'hydroxychloroquine hors autorisation pour traiter la Covid-19. Notre position reste inchangée"", a-t-elle assuré, en relayant le fact-checking de l'école de journalisme américaine Poynter. In March, AMA urged caution about prescribing hydroxychloroquine off-label to treat COVID19. Our position remains unchanged. Evidence-based science practice must guide these determinations. Thank you @Poynter for the FactCheck to set record straight https://t.co/hz1j1Xz2St pic.twitter.com/2qfUdFqdRk — AMA @AmerMedicalAssn December 16, 2020",rtl.fr,https://www.rtl.fr/actu/bien-etre/coronavirus-didier-raoult-diffuse-une-fake-news-sur-la-chloroquine-et-se-retracte-7800941698
10,French_COVID_News,fr,"Fête de la musique : les Français plongés dans ""un vrai moment de bonheur""","Les Français ont pu profiter lundi 21 juin de la Fête de la musique. Si les concerts amateurs étaient toujours interdits, ceux dans les bars étaient autorisés. Après des mois d’attente et beaucoup d’incertitude, les clients ont investi les terrasses pour retrouver cette fête avec l’esprit libéré. ""Ça fait du bien de retrouver les terrasses et de ne plus avoir de couvre-feu. Et puis assister à un premier concert live de l’année, ça fait vraiment du bien"", confie une cliente de bar. ""Ça donne envie de danser, de chanser !"" ""Ça fait un bien fou ! Ça donne envie de danser, de chanser ! C’est un vrai moment de bonheur"", souligne une jeune femme. Pour cette édition, les rassemblements de plus de dix personnes n’étaient pas autorisés. Mais au cœur du bois de Vincennes, certains ont bravé cette interdiction pour écouter des groupes de musique en plein air. Cette Fête de la musique a fait peur à certains gérants de bar qui ont préféré ne rien organiser pour éviter les rassemblements trop nombreux sur leur terrasse. 2300 policiers et gendarmes étaient mobilisés à Paris.",francetvinfo.fr,https://www.francetvinfo.fr/sante/maladie/coronavirus/deconfinement/fete-de-la-musique-les-francais-plonges-dans-un-vrai-moment-de-bonheur_4673859.html
11,French_COVID_News,fr,"Covid-19 : la vaccination en entreprise sera possible ""sans doute"" fin février, assure Laurent Pietraszewski","Cette vaccination sera réalisée par les médecins du travail, uniquement avec le vaccin AstraZeneca, a assuré le secrétaire d'Etat chargé des Retraites et de la Santé au travail. ""Le moment est arrivé"". Interrogé sur BFM Business jeudi 18 février sur la vaccination contre le Covid-19 dans les entreprises, Laurent Pietraszewski, le secrétaire d’Etat chargé des Retraites et de la Santé au travail, a assuré qu'elle pourrait débuter ""sans doute à partir de la fin du mois"" de février. Mais tous les salariés ne bénéficieront pas de cette future campagne. Elle ne devrait concerner que les ""50-64 ans qui présentent des comorbidités"", a précisé le ministre. ""Si vous avez un diabète qui n'est pas stabilisé, si vous avez une maladie cardiovasculaire, vous êtes vulnérable. Votre médecin du travail pourra vous vacciner."" Laurent Pietraszewski sur BFM Business En accord avec les ""recommandations des autorités sanitaires"", seul le vaccin AstraZeneca pourra être injecté pour l'instant à ces personnes dans le cadre de la médecine du travail, a poursuivi Laurent Pietraszewski. Cette vaccination se fera ""très progressivement"". Il a toutefois rappelé qu'il n'était toujours pas question de rendre obligatoire la vaccination en entreprise.",francetvinfo.fr,https://www.francetvinfo.fr/economie/emploi/carriere/vie-professionnelle/sante-au-travail/covid-19-la-vaccination-en-entreprise-sera-possible-sans-doute-fin-fevrier-assure-laurent-pietraszewski_4303045.html
12,French_COVID_News,fr,"Covid-19 : le couvre-feu, un moyen de ""limiter la circulation du virus"", estime un médecin","Les mesures prises par le gouvernement visent notamment à casser nos interactions sociales. ""Je pense qu'il faut attendre un petit peu pour voir les effets. Mais de l'expérience que l'on a, le coronavirus circule dans les réunions festives et les réunions familiales, donc en les empêchant le soir, on va limiter la circulation du virus. L'explosion des chiffres ne va pas arrêter dans les jours à venir il va falloir qu'on attende au moins 15 jours pour voir si les mesures prises vont faire effet"", explique le Dr Richard Handschuh sur franceinfo jeudi 22 octobre. Garder ses distances avec ses proches Un couvre-feu a été instauré alors qu'on est en vacances scolaires et que les regroupements familiaux sont nombreux ""Le virus est rentré dans la cellule familiale par un des membres. A partir du moment où il y est, et où il s'est propagé, moi ce que je demande, c'est aux personnes âgées de limiter les interactions avec les autres membres de la famille avec qui ils n'ont pas été jusque là socialisés. Si les petits enfants vont chez les grands-parents, pendant les cinq premiers jours, il faut qu'ils restent à distance les uns des autres. Ça n'empêche pas d'avoir des activités sociales communes"", met en avant Richard Handschuh. Le JT Les autres sujets du JT",francetvinfo.fr,https://meteo.francetvinfo.fr/sante/maladie/coronavirus/covid-19-le-couvre-feu-un-moyen-de-limiter-la-circulation-du-virus-estime-un-medecin_4153197.html
13,French_COVID_News,fr,Coronavirus : 2.800 employés des centres de santé flamands sont indisponibles selon un député N-VA,"Ce chiffre représente près du double de celui enregistré en mars 1.300 , lors de la première vague de la pandémie due au coronavirus, a souligné M. Parys N-VA dans un communiqué, en faisant part de son inquiétude face à la progression de l'épidémie. Selon le député N-VA, les absences au travail parmi le personnel des centres de santé flamands se chiffrent actuellement à 3,7 , contre 4 à 5 au plus fort de la première vague de contaminations, en mars-avril derniers et 2,1 en août, entre les deux vagues de la pandémie. M. Parys a fait état mercredi de 368 nouvelles contaminations au cours des 24 dernières heures.",dhnet.be,https://www.dhnet.be/actu/belgique/coronavirus-2-800-employes-des-centres-de-sante-flamands-sont-indisponibles-selon-un-depute-n-va-5f870be57b50a66bd8a96492
14,French_COVID_News,fr,"Trop molle, la révolution numérique wallonne ? Willy Borsus défend son action","Trop molle, la révolution numérique wallonne ? Willy Borsus défend son action DigitalAnalyse11:19 Pierre-François Lovens BELGA Il y a un an, Willy Borsus dévoilait, à La Libre, ses priorités en matière de politique numérique, l’une des multiples compétences confiées au vice-président MR du gouvernement wallon. Transformation numérique des entreprises, intelligence artificielle, e-commerce, connectivité, compétences, administration, recherche et avancées significatives smart cities, smart farming, etc. : tels étaient ses huit grands travaux . Parlant d’une forme de révolution terriblement importante , il s’était engagé à poursuivre, amplifier, développer, élargir et systématiser la stratégie Digital Wallonia initiée il y a quatre ans.",lalibre.be,https://www.lalibre.be/economie/digital/trop-molle-la-revolution-numerique-wallonne-willy-borsus-conteste-5fe240517b50a652f706bb16
15,French_COVID_News,fr,Seine-Maritime : le préfet prend de nouvelles mesures pour renforcer la lutte contre la Covid-19,"Seine-Maritime : le préfet prend de nouvelles mesures pour renforcer la lutte contre la Covid-19 Si ces mesures auront des répercussions importantes sur la vie sociale et économique, elles visent à limiter efficacement la propagation du virus et prévenir une saturation totale des structures hospitalières régionales et nationales. Ces mesures, certes difficiles, sont de ce fait absolument nécessaires. Par-delà ce cadre réglementaire, il est rappelé que tout rassemblement de plus de 6 personnes dans la sphère privée reste vivement déconseillé."" Pierre-André Durand, préfet de la Normandie et de la Seine-Maritime, le 24 octobre 2020 Couvre-feu en Seine-Maritime Port du masque durée de la vidéo: 01 min 40 Nouvelles mesures anti-covid Foires à tout, fêtes foraines, buvettes et vente d'alcool Réponses aux questions les plus fréquentes Bars fermés mais restaurants autorisés à vendre des boissons hors des repas Au restaurant : ""On peut se marier à la mairie mais pas faire la fête"" Pas plus de 6 personnes Pas plus de 1000 Gymnases et sport Activités professionnelles et couvre-feu Après les annonces du Premier ministre concernant la mise en place d'un couvre-feu dans plusieurs départements, le préfet de la Seine Maritime a détaillé ce samedi midi 21 octobre 2020 les nouvelles mesures complémentaires de ce couvre-feu et de l'état d'urgence sanitaire.En plus des mesures de couvre-feu de 21h à 6h du matin, d'autres restrictions, obligations et interdictions entrent en vigueur ce samedi.Le port du masque est désormaise pour toute personne de onze ans ou plus, sur la voie publique et dans les lieux ouverts au public. Cette obligation s’applique dans les zones urbanisées des communes comprises entre les panneaux de signalisation routière signifiant les entrées et sorties d’agglomération. les espaces publics des bois, forêts, prairies, chemins ruraux et forestiers ; les plages, à partir de la zone de galets jusqu’à l’estran ; les hameaux et lieux-dits identifiées par des panneaux.En outre, les personnes en situation de handicap munies d’unet qui mettent en œuvre les mesures sanitaires de nature à prévenir la propagation du virus ne sont pas concernées de la présente obligation.Sont également exemptées, sous réserve du respect des protocoles sanitaires existants, les personnes pratiquant une activité physique ex : vélo, course à pied, trottinette, etc et les conducteurs de véhicule de deux roues motorisés ayant obligation de porter un casque. Ces personnes sont toutefois tqui sera porté dès la fin ou l’interruption de leur activité.Par arrêté préfectoral, dans toutes les communes du département de la Seine-Maritime : les braderies, brocantes, vide-greniers et autres ventes au déballage sont interdits. Les marchés et ventes habituelles à caractère alimentaire sont exclus de la présente interdiction les buvettes des établissements sportifs couverts ERP de type X et de plein air ERP de type PA sont fermées ; la vente d'alcool à emporter est interdite de 21h00 à 6h00.Les fêtes foraines sont interdites de même que les évènements temporaires de type exposition, foire-exposition ou salon.La préfecture de la Seine-Maritime a mis en ligne une FAQ pour apporter des réponses aux questions les plus fréquentes concernant le couvre-feu et les mesures sanitaires.Les établissements recevant du public de type N débits de boissons , EF établissements flottants pour leur activité de débit de boissons , P salles de jeux et T salles d'exposition sont fermés toute la journée. Il est à noter que les ERP de type N restaurants peuvent en revanche continuer à accueillir du public sauf entre 21h et 6h .Pour les restaurants dotés d'une licence restaurant ou d'une petite licence restaurant, la vente de boissons alcoolisées reste uniquement autorisée avec un repas.peuvent quant à eux servir des boissons, y compris hors des repas, dans les conditions réglementaires de droit commun.De manière générale, deux types de règles s’appliquent dans les établissements recevant du public ERP : Dans les ERP avec des espaces debout et circulants musées, centres commerciaux, parcs d’attraction et zoologiques,... : Dans les ERP avec places assises, qu’ils soient clos cinémas, théâtre ou de plein air stades, hippodromes :doit être respectée.En particulier, dans les ERP de type L salles polyvalentes, salles des fêtes, salles de spectacles, etc. et les ERP de type CTS chapiteaux, tentes et structures ,ou pendant lesquels le port du masque ne peut être assuré de manière continue restauration, boissons,... Pour ce qui concerne les ERP de type N et EF restaurants, établissements flottants pour leur activité de restauration , Les personnes accueillies ont une place assise ; Une même table ne peut regrouper que des personnes venant ensemble ou ayant réservé ensemble, dans la limite de six personnes ; Une distance minimale d’un mètre est garantie entre les chaises occupées par chaque personne, sauf si une paroi fixe ou amovible assure une séparation physique. Cette règle de distance ne s’applique pas aux groupes, dans la limite de six personnes, venant ensemble ou ayant réservé ensemble La capacité maximale d’accueil de l’établissement est affichée et visible depuis la voie publique.Les cérémonies civiles dans les mairies mariages civils par exemple , comme les cérémonies religieuses dans des lieux de culte mariage, baptêmes pourront être organisées.Les règles sanitaires définies dans le décret doivent scrupuleusement être respectées lors de ces cérémonies port du masque, distanciation physique d’un mètre dans les mairies ;sauf pour les personnes appartenant à un même foyer ou venant ensemble, dans la limite de 6 personnes .En revanche,Les rassemblements, réunions ou activités de plus de 6 personnes sur la voie publique ou dans des lieux ouverts au public sont interdits. les manifestations sur la voie publique mentionnées à l’article L. 211-1 du code de la sécurité intérieure ; les rassemblements, réunions ou activités à caractère professionnel ; les services de transport de voyageurs ; les établissements recevant du public dans lesquels l’accueil du public n’est pas interdit en application du décret pour rappel sont notamment interdits : discothèques ; dans la zone de couvre-feu sanitaire : les bars, salles de jeux, casino, établissements sportifs, foires, ... ; les cérémonies funéraires organisées hors des ERP ; les visites guidées et autres activités encadrées organisées par des personnes titulaires d’une carte professionnelle ; les marchés article 38 du décret ; les cérémonies publiques mentionnées par le décret n 89-655 du 13 septembre 1989 relatif aux cérémonies publiques, préséances, honneurs civils et militaires.Aucun évènement de plus de 1 000 personnes ne peut se dérouler dans le département de la Seine-Maritime. Dans tout lieu ouvert au public, cette jauge est appréciée à un instant T impliquant de ce fait, et donc un lieu clôturé.sauf pour : les groupes scolaires et périscolaires et les activités sportives participant à la formation universitaire ; toute activité à destination exclusive des mineurs ; les sportifs professionnels et de haut niveau ; les activités physiques des personnes munies d’une prescription médicale ou présentant un handicap reconnu par la maison départementale des personnes handicapées ; les formations continues ou des entraînements obligatoires pour le maintien des compétences professionnelles ; les épreuves de concours ou d’examens ; les événements indispensables à la gestion d’une crise de sécurité civile ou publique et à la continuité de la vie de la Nation ; les assemblées délibérantes des collectivités et leurs groupements et les réunions des personnes morales ayant un caractère obligatoire ; l’accueil des populations vulnérables et la distribution de repas pour des publics en situation de précarité ; l’organisation de dépistages sanitaires, collectes de produits sanguins et actions de vaccination.De plus, les ERP de type M magasins de vente sont également fermés pour l'organisation d'activités physiques et sportives.Certains professionnels pourront travailler au-delà de 21h00 sur la voie publique comme dans les activités du BTP ou les livraisons à domicile.",francetvinfo.fr,https://france3-regions.francetvinfo.fr/normandie/seine-maritime/rouen/seine-maritime-prefet-prend-nouvelles-mesures-renforcer-lutte-contre-covid-19-1887836.html
